{"last_download_success": 1657125387.0846434, "unseen_downloads": ["/home/technom/.config/variety/Downloaded/Unsplash/photo-1656333198576-0eef990a9423.jpg", "/home/technom/.config/variety/Downloaded/Unsplash/photo-1655279058310-8b98a3857559.jpg", "/home/technom/.config/variety/Downloaded/Unsplash/photo-1654424467186-03b8569eeb87.jpg", "/home/technom/.config/variety/Downloaded/Unsplash/photo-1655056556210-329e6742bb7d.jpg"], "last_download_failure": 1657171710.2866616}