{"last_download_success": 1656878301.4788265, "unseen_downloads": [], "last_download_failure": 1656980917.9197402}